RowNumber,Title,Category,Content,Date,Reporter,Country,PriortyNumber
1,"Masseurs and a Woman, The (Anma to onna)",Food - Prepared Meals,Instant ramen cups with flavor-packed broth.,2025-07-22T22:11:46Z,Cori Beaglehole,Indonesia,3
2,Banana Joe,Kitchen,Stainless steel travel mug that keeps drinks hot or cold.,2024-02-12T10:55:30Z,Clint Morison,Indonesia,1
3,Dinotopia: Quest for the Ruby Sunstone,Food - Spices,A blend of spices perfect for seasoning steak.,2024-03-08T05:02:57Z,Pattin Domonkos,Poland,5
4,Running from Crazy,Food - Frozen Foods,"Creamy and rich vanilla ice cream, a classic dessert.",2024-03-26T08:03:06Z,Trudy Boatswain,Germany,2
5,The Hire: Ambush,Kitchen,Rotating spice rack with 20 spice jars.,2024-01-27T05:01:37Z,Mohandis Dounbare,Thailand,5
6,Club Paradise,Pets,Collapsible travel bowl for pets on the go.,2025-09-03T05:51:48Z,Liv Fransinelli,China,1
7,"Amish Murder, An",Food - Meat,"Flavorful chicken sausage, low in fat and fully cooked.",2025-07-27T15:25:48Z,Stepha Preuvost,Sweden,5
8,"Disorderly Orderly, The",Kitchen,Reusable silicone lids for covering food in bowls and storage containers.,2024-04-06T11:23:45Z,Cymbre Bute,Armenia,3
9,Lady of Burlesque,Kitchen,Set of baking sheets for effortless baking.,2025-06-15T23:51:43Z,Baily Crumly,Russia,5
10,"Devil and Daniel Johnston, The",Furniture,Stylish bar stools with adjustable height and swivel features.,2024-11-03T16:14:55Z,Ade Hawkswood,China,5
11,Frozen,Automotive,Secure phone mount that wirelessly charges your device while driving.,2024-01-29T16:11:41Z,Maryjo Thirst,China,1
12,Xanadu,Fitness,Thick and durable mat for workouts and yoga.,2025-05-25T16:35:51Z,Ned Louis,China,2
13,"King - Jari Litmanen, The (Kuningas Litmanen)",Travel,"Compact towels that expand when wet, ideal for travel.",2024-06-18T22:06:19Z,Flory Adair,Indonesia,1
14,Serving Sara,Smart Home,Indoor Wi-Fi camera for home security.,2025-03-22T05:10:56Z,Karlis Bodman,Russia,5
15,True Heart,Food - Snacks,Crispy almonds coated with cinnamon and sugar for a sweet and crunchy snack.,2025-08-03T19:54:38Z,Filberte Weedall,Sweden,3
16,"Bridges of Madison County, The",Kitchen,Stylish stand to hold your recipes while cooking.,2024-09-12T02:35:10Z,Raoul Jewiss,Japan,5
17,Woman Obsessed,Food - Produce,"Freshly sliced cucumbers, great for salads or snacking.",2025-01-06T02:02:26Z,Patrizia Lindeboom,Indonesia,1
18,The Trip to Bountiful,Food - Snacks,Crispy and crunchy snack made from assorted vegetables.,2025-07-18T20:33:06Z,Jeromy Claypoole,Nigeria,4
19,Price of Glory,Food - Seafood,"Wild-caught salmon filets, perfect for grilling or baking.",2024-02-14T07:01:36Z,Wes Geipel,Pakistan,2
20,Jesse Stone: Thin Ice,Food - Breakfast,"Quick oatmeal cups with banana and nut flavor, great for breakfast.",2025-11-30T13:31:01Z,Sadye Chamberlin,Philippines,1
21,"World according to Ion B., The (Lumea vazuta de Ion B)",Food - Dairy,Spreadable cream cheese with garlic and herbs.,2025-03-25T12:18:37Z,Demott Rogeron,Nigeria,4
22,"Devil's Tomb, The",Food - Spices,Spicy seasoning mix for all your favorite dishes.,2024-11-22T17:57:42Z,Mathilde Harnett,Brazil,5
23,"3 Penny Opera, The (Threepenny Opera, The) (3 Groschen-Oper, Die)",Toys,Complete set designed for children to learn gardening.,2024-12-24T09:32:33Z,Jude Caulfield,Japan,5
24,"Sweet Hereafter, The",Food - Seafood,"Frozen shrimp seasoned with chili and lime, perfect for quick dinners.",2024-02-24T06:03:41Z,Gates Cammell,Portugal,4
25,Source Code,Food - Produce,"A mix of fresh vegetables with a savory stir-fry sauce, ready to cook.",2024-07-26T23:00:16Z,Haleigh Ubsdell,Brazil,3
26,Skipped Parts,Kitchen,Compact blender that comes with travel cups for smoothies.,2025-06-18T11:08:31Z,Eadmund Westwell,Myanmar,5
27,Valentino: The Last Emperor,Travel,Ergonomically designed neck pillow for comfortable travel.,2024-01-17T02:30:12Z,Mendie Whytock,China,4
28,Virus,Home,Heated stool cover for extra comfort during winter.,2024-07-03T19:48:41Z,Desmund Marusic,Canada,3
29,Mad Love,Fitness,Water bottle that tracks hydration levels and adds electrolytes.,2024-12-24T05:52:47Z,Genny Coling,China,2
30,Europa Europa (Hitlerjunge Salomon),Accessories,Adjustable stand for smartphones and tablets.,2024-11-24T11:49:27Z,Rachel Stabler,Czech Republic,1
31,Simon Says,Food - Frozen Desserts,Rich and creamy chocolate fudge ice cream for dessert.,2024-04-24T21:07:11Z,Lewes Orpin,Nigeria,4
32,"Swan Princess: Escape from Castle Mountain, The",Food - Frozen,Creamy vegan mac and cheese made with cashew cheese.,2025-11-08T04:14:15Z,Pincus Tiebe,Brazil,4
33,"Big Parade, The",Food - Condiments,A bright and zesty dressing perfect for salads and tacos.,2024-09-23T00:46:22Z,Dom Fernandes,China,4
34,"Film with Me in It, A",Food - Bakery,"Moist, fluffy muffins packed with bananas and walnuts for a delightful breakfast or snack.",2025-07-07T06:26:39Z,Pavel Bunning,Sweden,5
35,City Slickers,Food - Baking,Unsweetened coconut flakes for baking and snacking.,2025-10-19T04:17:00Z,Lorianne Lockitt,Brazil,1
36,Dead of Night,Kitchen,Handheld frother for creating frothed milk for coffee.,2024-01-06T11:52:20Z,Garvin Lilford,Georgia,5
37,Beyond the Mind's Eye,Food - Spices,Rich and sweet paprika spice for seasoning.,2025-01-20T16:53:48Z,Catrina Beaulieu,Ukraine,1
38,"Canterville Ghost, The",Food - Beverages,A seasonal creamer that adds pumpkin spice flavor to coffee or tea.,2025-02-06T02:55:00Z,Imogen Benninger,Brazil,1
39,Woman Thou Art Loosed,Food - Snacks,"A mix of nuts roasted with spicy seasonings, perfect for snacking.",2024-03-23T16:11:24Z,Zarah Pearl,Vietnam,3
40,"Late Great Planet Earth, The",Kitchen,Powerful grinder for making sausage and burgers at home.,2024-03-18T20:06:36Z,Gaylene Mendes,Czech Republic,1
41,Zapped!,Electronics,Safe cleaning solution and tools for electronics screens.,2024-10-28T01:30:19Z,Arnoldo Hradsky,Brazil,2
42,"One I Love, The",Health,Compact sterilizer for disinfecting small items.,2024-07-05T00:24:15Z,Lisabeth Ludlom,China,5
43,"Safe Place, A",Food - Frozen Foods,"Soft and pillowy gnocchi made from cauliflower, perfect with sauce.",2025-08-19T10:18:42Z,Huntlee Greenhall,Philippines,1
44,Four Friends (a.k.a. Georgia's Friends),Clothing - Tops,Cozy wool sweater to keep you warm on chilly days.,2024-02-08T10:40:45Z,Louise Mulrean,Japan,2
45,McCullin,Food - Condiments,Savory roasted garlic in a jar for easy use.,2024-12-03T09:47:04Z,Kesley Hatchette,Portugal,4
46,"Seducing Doctor Lewis (Grande s√©duction, La)",Food - Snacks,"Healthy, crunchy kale chips, a nutritious snack.",2024-01-04T16:16:00Z,Alfred Truder,China,2
47,Next Friday,Clothing - Outerwear,A fashion-forward bomber jacket to elevate your casual looks.,2024-07-22T22:07:15Z,Melina Hancill,Brazil,2
48,Agony (a.k.a. Rasputin) (Agoniya),Food - Baking Goods,Rich and creamy milk perfect for baking or desserts.,2025-09-19T05:54:29Z,Layton Rhys,China,4
49,Little Girl (La pivellina),Food - Breakfast,Quick oatmeal with various flavors,2024-02-01T11:04:27Z,Torrey Betts,Kazakhstan,5
50,Kismet,Food - Spices,A blend of spices perfect for seasoning steak.,2024-05-30T17:18:03Z,Teodoor Jouaneton,Greece,1
51,The Halloween That Almost Wasn't,Home Improvement,Eco-friendly sealer for protecting concrete surfaces.,2024-05-29T19:39:13Z,Anthony Bottelstone,Poland,1
52,49 Up,Food - Nuts,"Crunchy and nutritious almonds, perfect for snacking.",2024-08-05T19:20:42Z,Myra Ahern,China,5
53,Pressed,Outdoor,Foldable chair equipped with a cooler pouch.,2024-07-11T15:33:40Z,Emmalynn Berkery,Russia,5
54,Futurama: Bender's Game,Food - Spices,Zesty seasoning great for tacos and grilling.,2025-11-13T08:18:08Z,Pepita Kirsz,China,3
55,From Time to Time,Food - Snacks,"Sweet and chewy dried mango slices, perfect for snacking.",2024-06-17T00:58:24Z,Osbert Adshed,China,4
56,Clockstoppers,Clothing - Shirts,A tailored slim fit shirt for a polished look at work.,2024-12-02T10:00:49Z,Ethan Juzek,China,3
57,"Pleasure Seekers, The",Clothing - Accessories,"Durable canvas tote bag, perfect for everyday use.",2025-01-13T19:50:57Z,Dinny Mickelwright,Colombia,3
58,Hedd Wyn,Toys,Challenging 1000-piece jigsaw puzzle for all ages.,2024-07-23T05:02:15Z,Wilie Chasemore,Indonesia,4
59,Meet Bill,Home,Adjustable LED desk light with brightness settings.,2025-02-02T23:16:16Z,Maurene Truce,China,2
60,"Bachelor Party, The",Music,Compact electronic drum kit for musicians of all levels.,2025-07-19T21:14:10Z,Laural Truelove,Bulgaria,5
61,Shanghai Dreams (Qing hong),Food - Produce,"Bright and fragrant cilantro, great for garnishes.",2025-01-02T18:14:24Z,Israel Ranken,Dominican Republic,2
62,The Beehive,Music,Wireless microphone for singing and performances.,2025-03-30T12:07:35Z,Falkner Hannaway,Belarus,1
63,Student of the Year,Storage,64GB SD memory card for cameras and devices.,2024-08-29T12:51:57Z,Adriano McGraith,El Salvador,1
64,Anything for Her (Pour elle),Clothing - Tops,A staple v-neck t-shirt that pairs well with anything.,2024-08-14T22:23:14Z,Myrle Gavin,Peru,4
65,Trumbo,Food - Beverages,Refreshing basil-infused lemonade for a cool drink.,2025-01-10T07:32:23Z,Keen Persich,Indonesia,2
66,Antiviral,Food - Canned Soups,"Rich tomato soup flavored with fresh basil, ready to heat up.",2024-01-29T06:34:31Z,Jolene Newson,China,3
67,Police Python 357,Food - Canned Goods,Rich and flavorful tomato sauce for pasta or pizza.,2025-08-06T22:32:46Z,Haskell Kowal,Peru,3
68,Our Vines Have Tender Grapes,Electronics,Compact action camera for capturing adventures.,2025-11-30T20:44:02Z,Nikolaos Ripon,China,3
69,Getaway,Food - Sauces,A flavorful sauce for stir-frying vegetables and meats.,2025-09-11T06:08:15Z,Hi Wellard,Sweden,5
70,"Vampire, The",Food - Frozen Foods,Frozen mix for quick berry smoothies.,2024-10-19T08:50:25Z,Ilse Sesser,China,3
71,99 and 44/100% Dead,Food - Spices,Rich and sweet paprika spice for seasoning.,2024-08-22T23:31:46Z,Desmond Haldenby,Portugal,1
72,Electroma,Food - Frozen,Golden-brown fritters made with sweet corn.,2024-10-16T03:18:38Z,Nappy Cardew,Japan,5
73,Gifted Hands: The Ben Carson Story,Food - Canned Soups,"A creamy pumpkin soup with a blend of warm spices, ready to heat and serve.",2025-05-14T00:53:26Z,Forbes Meardon,Greece,2
74,Thank You for Smoking,Food - Snacks,"A mix of nuts, pretzels, and crackers, seasoned just right for snacking.",2025-09-28T08:26:34Z,Esmeralda Leverage,Norway,2
75,Comanche Territory (Territorio comanche),Beauty,DIY kit to make your own lip balms in various flavors.,2025-04-25T07:05:06Z,Enrique Frickey,China,5
76,China Moon,Food - Dairy,"Tangy feta cheese, perfect for salads and sandwiches.",2025-07-12T19:36:51Z,Paolina Powe,Indonesia,5
77,"Fire Within, The (Feu follet, Le)",Pets,Safety collar with flashing lights for pets during night walks.,2025-02-12T22:34:37Z,Dolores Enga,Netherlands,5
78,Kiss and Tell,Outdoor,High-intensity flashlight with adjustable focus and brightness.,2024-04-28T03:56:37Z,Durward Garret,France,2
79,"Lay of the Land, The",Fitness,Non-slip mat designed for yoga and fitness exercises.,2024-06-14T03:21:01Z,Frasco Dorant,Philippines,4
80,Rapture-Palooza,Electronics,Ergonomic wireless mouse with adjustable DPI.,2025-03-19T03:48:09Z,Hill Vowels,Canada,4
81,Living on One Dollar,Home,Space-efficient shoe rack to keep entryways organized.,2024-08-03T14:27:08Z,Elfrida Poupard,China,4
82,Fanny,Food - Baking,Unsweetened coconut flakes for baking and snacking.,2024-09-18T16:27:28Z,Augusta Hooban,China,3
83,"Year My Voice Broke, The",Accessories,Tempered glass screen protector for smartphones.,2024-03-15T23:53:31Z,Nedda Athersmith,Indonesia,3
84,"Myth, The (San wa)",Furniture,Ergonomic office chair with lumbar support and adjustable height.,2024-11-01T05:00:31Z,Tomaso Hitzmann,Japan,3
85,Hara-Kiri: Death of a Samurai,Pets,Training tool for reinforcing commands and behavior in dogs.,2024-11-21T14:42:57Z,Gianna Lowis,Indonesia,2
86,Wild About Harry,Travel,Leak-proof bottles for travel-sized toiletries.,2024-11-03T08:55:45Z,Phillipe O'Dowd,Thailand,5
87,"Night of the Following Day, The",Food - Sauces,A tangy sauce that combines lemon zest and basil for a refreshing flavor.,2024-04-14T20:35:48Z,Nada Reardon,Portugal,4
88,The Trip to Bountiful,Pets,Adjustable dog collar with personalized tags.,2025-09-08T05:30:55Z,Dulcinea Eberst,United States,3
89,Super High Me,Food - Beverages,Refreshing juice blend of cranberries and oranges.,2024-06-03T23:15:36Z,Belle Sandercroft,Bosnia and Herzegovina,5
90,Don Juan,Audio,Comfortable over-ear headphones with deep bass.,2025-08-05T07:07:10Z,Bel Brimelow,Indonesia,2
91,War of the Arrows (Choi-jong-byeong-gi Hwal),Home,HEPA air purifier for clean indoor air.,2024-06-22T13:46:51Z,Gerladina Everwin,Poland,5
92,"Tin Drum, The (Blechtrommel, Die)",Food - Snacks,Crispy almonds coated with cinnamon and sugar for a sweet and crunchy snack.,2024-12-18T16:21:31Z,Baird Gertz,Indonesia,3
93,Peter Pan,Food - Condiments,Spicy and flavorful curry paste for authentic Thai dishes.,2025-02-08T22:46:39Z,Chas Lantuff,Russia,5
94,Reconstruction (Anaparastasi),Photography,High-resolution camera for stunning photos.,2025-09-09T10:04:07Z,Merrili Powland,Poland,5
95,Eye of the Devil,Home,Classic leather photo album for keepsakes.,2024-10-29T15:33:37Z,Abbie Lichfield,Indonesia,1
96,Tiger Eyes,Clothing - Footwear,Trendy high-top canvas sneakers for a stylish streetwear look.,2025-07-06T18:26:45Z,Ramon Leglise,Slovenia,4
97,Wanda Nevada,Food - Breakfast,Crunchy granola with maple flavor and almond pieces for breakfast.,2025-04-19T10:28:47Z,Frannie Jaye,Russia,1
98,Omar Killed Me (Omar m'a tuer),Food - Grains,"Fluffy quinoa mixed with lemon zest and herbs, a perfect side.",2025-06-29T10:16:40Z,Saxon Fogg,Iran,3
99,Bit by Bit,Food - Condiments,A rich sauce perfect for pasta or drizzling over vegetables.,2024-01-24T13:08:07Z,Charisse Cabrara,Brazil,3
100,Bluebeard,Food - Canned Goods,Classic chicken noodle soup with tender chicken and vegetables.,2025-10-12T04:45:38Z,Brynn Syson,Sweden,2
101,Omar2 Killed Me (Omar m'a tuer),Food - Grains2,"Fluffy quinoa mixed with lemon zest and herbs, a2 perfect side.",2025-06-28T10:16:40Z,Saxon Fogg,Iran,4
102,Omar3 Killed Me (Omar m'a tuer),Food - Grains3,"Fluffy quinoa mixed with lemon zest and herbs, a3 perfect side.",2025-06-27T10:16:40Z,Saxon Fogg,Iran,5
103,Wanda2 Nevada,Food2 - Breakfast,Crunchy2 granola with maple flavor and almond pieces for breakfast.,2025-04-19T10:28:47Z,Frannie Jaye,Russia,2